-- =============================================
-- StockMind - V3: Dados de Teste
-- =============================================

-- Lojas
INSERT INTO tb_stores (id, name, manager_name, active, created_at, updated_at) VALUES
('a1b2c3d4-0001-0001-0001-000000000001', 'Loja Centro', 'Carlos Mendes', true, NOW(), NOW()),
('a1b2c3d4-0002-0002-0002-000000000002', 'Loja Norte', 'Ana Paula Silva', true, NOW(), NOW()),
('a1b2c3d4-0003-0003-0003-000000000003', 'Loja Sul', 'Roberto Costa', true, NOW(), NOW());

-- Produtos Curva A (medicamentos de uso contínuo)
INSERT INTO tb_products (id, ean, name, curve_category, cost_price, sale_price, active, created_at, updated_at) VALUES
('b1b2c3d4-0001-0001-0001-000000000001', '7891234560001', 'Losartana 50mg', 'A', 8.50, 15.90, true, NOW(), NOW()),
('b1b2c3d4-0002-0002-0002-000000000002', '7891234560002', 'Metformina 850mg', 'A', 6.20, 12.50, true, NOW(), NOW()),
('b1b2c3d4-0003-0003-0003-000000000003', '7891234560003', 'Atorvastatina 20mg', 'A', 12.30, 24.90, true, NOW(), NOW()),
('b1b2c3d4-0004-0004-0004-000000000004', '7891234560004', 'Omeprazol 20mg', 'A', 5.80, 11.90, true, NOW(), NOW()),
('b1b2c3d4-0005-0005-0005-000000000005', '7891234560005', 'Amlodipina 5mg', 'A', 9.10, 18.50, true, NOW(), NOW()),

-- Produtos Curva B
('b1b2c3d4-0006-0006-0006-000000000006', '7891234560006', 'Dipirona 500mg', 'B', 3.20, 7.90, true, NOW(), NOW()),
('b1b2c3d4-0007-0007-0007-000000000007', '7891234560007', 'Paracetamol 750mg', 'B', 2.80, 6.50, true, NOW(), NOW()),

-- Produtos Curva C
('b1b2c3d4-0008-0008-0008-000000000008', '7891234560008', 'Vitamina C 1g', 'C', 4.50, 9.90, true, NOW(), NOW()),
('b1b2c3d4-0009-0009-0009-000000000009', '7891234560009', 'Vitamina D 2000UI', 'C', 7.20, 15.90, true, NOW(), NOW());

-- Lotes de Estoque (alguns críticos para vencimento)
INSERT INTO tb_inventory_lots (id, store_id, product_id, batch_number, expiration_date, quantity, updated_at) VALUES
-- Loja Centro
('c1b2c3d4-0001-0001-0001-000000000001', 'a1b2c3d4-0001-0001-0001-000000000001', 'b1b2c3d4-0001-0001-0001-000000000001', 'LOT-2024-001', '2026-07-15', 45, NOW()),
('c1b2c3d4-0002-0002-0002-000000000002', 'a1b2c3d4-0001-0001-0001-000000000001', 'b1b2c3d4-0002-0002-0002-000000000002', 'LOT-2024-002', '2026-08-01', 120, NOW()),
('c1b2c3d4-0003-0003-0003-000000000003', 'a1b2c3d4-0001-0001-0001-000000000001', 'b1b2c3d4-0003-0003-0003-000000000003', 'LOT-2024-003', '2026-07-20', 30, NOW()),
('c1b2c3d4-0004-0004-0004-000000000004', 'a1b2c3d4-0001-0001-0001-000000000001', 'b1b2c3d4-0004-0004-0004-000000000004', 'LOT-2024-004', '2026-09-10', 200, NOW()),
('c1b2c3d4-0005-0005-0005-000000000005', 'a1b2c3d4-0001-0001-0001-000000000001', 'b1b2c3d4-0005-0005-0005-000000000005', 'LOT-2024-005', '2026-07-30', 18, NOW()),

-- Loja Norte
('c1b2c3d4-0006-0006-0006-000000000006', 'a1b2c3d4-0002-0002-0002-000000000002', 'b1b2c3d4-0001-0001-0001-000000000001', 'LOT-2024-006', '2026-08-10', 90, NOW()),
('c1b2c3d4-0007-0007-0007-000000000007', 'a1b2c3d4-0002-0002-0002-000000000002', 'b1b2c3d4-0002-0002-0002-000000000002', 'LOT-2024-007', '2026-07-25', 60, NOW()),
('c1b2c3d4-0008-0008-0008-000000000008', 'a1b2c3d4-0002-0002-0002-000000000002', 'b1b2c3d4-0006-0006-0006-000000000006', 'LOT-2024-008', '2026-07-18', 250, NOW()),

-- Loja Sul
('c1b2c3d4-0009-0009-0009-000000000009', 'a1b2c3d4-0003-0003-0003-000000000003', 'b1b2c3d4-0003-0003-0003-000000000003', 'LOT-2024-009', '2026-08-05', 75, NOW()),
('c1b2c3d4-0010-0010-0010-000000000010', 'a1b2c3d4-0003-0003-0003-000000000003', 'b1b2c3d4-0004-0004-0004-000000000004', 'LOT-2024-010', '2026-07-22', 40, NOW());

-- Histórico de Vendas (últimos 90 dias para alimentar o Prophet)
INSERT INTO tb_sales_history (id, store_id, product_id, sale_date, quantity_sold, unit_price) VALUES
-- Losartana 50mg - Loja Centro (venda diária consistente)
('d1000001-0001-0001-0001-000000000001', 'a1b2c3d4-0001-0001-0001-000000000001', 'b1b2c3d4-0001-0001-0001-000000000001', NOW() - INTERVAL '90 days', 8, 15.90),
('d1000001-0001-0001-0001-000000000002', 'a1b2c3d4-0001-0001-0001-000000000001', 'b1b2c3d4-0001-0001-0001-000000000001', NOW() - INTERVAL '80 days', 10, 15.90),
('d1000001-0001-0001-0001-000000000003', 'a1b2c3d4-0001-0001-0001-000000000001', 'b1b2c3d4-0001-0001-0001-000000000001', NOW() - INTERVAL '70 days', 7, 15.90),
('d1000001-0001-0001-0001-000000000004', 'a1b2c3d4-0001-0001-0001-000000000001', 'b1b2c3d4-0001-0001-0001-000000000001', NOW() - INTERVAL '60 days', 12, 15.90),
('d1000001-0001-0001-0001-000000000005', 'a1b2c3d4-0001-0001-0001-000000000001', 'b1b2c3d4-0001-0001-0001-000000000001', NOW() - INTERVAL '50 days', 9, 15.90),
('d1000001-0001-0001-0001-000000000006', 'a1b2c3d4-0001-0001-0001-000000000001', 'b1b2c3d4-0001-0001-0001-000000000001', NOW() - INTERVAL '40 days', 11, 15.90),
('d1000001-0001-0001-0001-000000000007', 'a1b2c3d4-0001-0001-0001-000000000001', 'b1b2c3d4-0001-0001-0001-000000000001', NOW() - INTERVAL '30 days', 8, 15.90),
('d1000001-0001-0001-0001-000000000008', 'a1b2c3d4-0001-0001-0001-000000000001', 'b1b2c3d4-0001-0001-0001-000000000001', NOW() - INTERVAL '20 days', 13, 15.90),
('d1000001-0001-0001-0001-000000000009', 'a1b2c3d4-0001-0001-0001-000000000001', 'b1b2c3d4-0001-0001-0001-000000000001', NOW() - INTERVAL '10 days', 9, 15.90),
('d1000001-0001-0001-0001-000000000010', 'a1b2c3d4-0001-0001-0001-000000000001', 'b1b2c3d4-0001-0001-0001-000000000001', NOW() - INTERVAL '5 days', 11, 15.90),

-- Metformina 850mg - Loja Centro
('d1000002-0001-0001-0001-000000000001', 'a1b2c3d4-0001-0001-0001-000000000001', 'b1b2c3d4-0002-0002-0002-000000000002', NOW() - INTERVAL '85 days', 15, 12.50),
('d1000002-0001-0001-0001-000000000002', 'a1b2c3d4-0001-0001-0001-000000000001', 'b1b2c3d4-0002-0002-0002-000000000002', NOW() - INTERVAL '75 days', 18, 12.50),
('d1000002-0001-0001-0001-000000000003', 'a1b2c3d4-0001-0001-0001-000000000001', 'b1b2c3d4-0002-0002-0002-000000000002', NOW() - INTERVAL '65 days', 12, 12.50),
('d1000002-0001-0001-0001-000000000004', 'a1b2c3d4-0001-0001-0001-000000000001', 'b1b2c3d4-0002-0002-0002-000000000002', NOW() - INTERVAL '55 days', 20, 12.50),
('d1000002-0001-0001-0001-000000000005', 'a1b2c3d4-0001-0001-0001-000000000001', 'b1b2c3d4-0002-0002-0002-000000000002', NOW() - INTERVAL '45 days', 16, 12.50),
('d1000002-0001-0001-0001-000000000006', 'a1b2c3d4-0001-0001-0001-000000000001', 'b1b2c3d4-0002-0002-0002-000000000002', NOW() - INTERVAL '35 days', 14, 12.50),
('d1000002-0001-0001-0001-000000000007', 'a1b2c3d4-0001-0001-0001-000000000001', 'b1b2c3d4-0002-0002-0002-000000000002', NOW() - INTERVAL '25 days', 19, 12.50),
('d1000002-0001-0001-0001-000000000008', 'a1b2c3d4-0001-0001-0001-000000000001', 'b1b2c3d4-0002-0002-0002-000000000002', NOW() - INTERVAL '15 days', 17, 12.50),
('d1000002-0001-0001-0001-000000000009', 'a1b2c3d4-0001-0001-0001-000000000001', 'b1b2c3d4-0002-0002-0002-000000000002', NOW() - INTERVAL '7 days', 21, 12.50),
('d1000002-0001-0001-0001-000000000010', 'a1b2c3d4-0001-0001-0001-000000000001', 'b1b2c3d4-0002-0002-0002-000000000002', NOW() - INTERVAL '2 days', 18, 12.50),

-- Atorvastatina - Loja Norte
('d1000003-0001-0001-0001-000000000001', 'a1b2c3d4-0002-0002-0002-000000000002', 'b1b2c3d4-0003-0003-0003-000000000003', NOW() - INTERVAL '88 days', 6, 24.90),
('d1000003-0001-0001-0001-000000000002', 'a1b2c3d4-0002-0002-0002-000000000002', 'b1b2c3d4-0003-0003-0003-000000000003', NOW() - INTERVAL '78 days', 8, 24.90),
('d1000003-0001-0001-0001-000000000003', 'a1b2c3d4-0002-0002-0002-000000000002', 'b1b2c3d4-0003-0003-0003-000000000003', NOW() - INTERVAL '68 days', 5, 24.90),
('d1000003-0001-0001-0001-000000000004', 'a1b2c3d4-0002-0002-0002-000000000002', 'b1b2c3d4-0003-0003-0003-000000000003', NOW() - INTERVAL '58 days', 9, 24.90),
('d1000003-0001-0001-0001-000000000005', 'a1b2c3d4-0002-0002-0002-000000000002', 'b1b2c3d4-0003-0003-0003-000000000003', NOW() - INTERVAL '48 days', 7, 24.90),
('d1000003-0001-0001-0001-000000000006', 'a1b2c3d4-0002-0002-0002-000000000002', 'b1b2c3d4-0003-0003-0003-000000000003', NOW() - INTERVAL '38 days', 10, 24.90),
('d1000003-0001-0001-0001-000000000007', 'a1b2c3d4-0002-0002-0002-000000000002', 'b1b2c3d4-0003-0003-0003-000000000003', NOW() - INTERVAL '28 days', 6, 24.90),
('d1000003-0001-0001-0001-000000000008', 'a1b2c3d4-0002-0002-0002-000000000002', 'b1b2c3d4-0003-0003-0003-000000000003', NOW() - INTERVAL '18 days', 8, 24.90),
('d1000003-0001-0001-0001-000000000009', 'a1b2c3d4-0002-0002-0002-000000000002', 'b1b2c3d4-0003-0003-0003-000000000003', NOW() - INTERVAL '8 days', 7, 24.90),
('d1000003-0001-0001-0001-000000000010', 'a1b2c3d4-0002-0002-0002-000000000002', 'b1b2c3d4-0003-0003-0003-000000000003', NOW() - INTERVAL '3 days', 9, 24.90);

-- Recomendações de compra simuladas (status PENDING para testar o Human-in-the-loop)
INSERT INTO tb_purchase_recommendations (id, store_id, product_id, suggested_quantity, financial_impact, rationale, status, created_at) VALUES
('e1000001-0001-0001-0001-000000000001', 'a1b2c3d4-0001-0001-0001-000000000001', 'b1b2c3d4-0001-0001-0001-000000000001', 120, 1020.00, 'Demanda prevista de 165 unidades nos próximos 30 dias. Estoque atual cobre apenas 4 dias com o ritmo atual de vendas.', 'PENDING', NOW()),
('e1000001-0001-0001-0001-000000000002', 'a1b2c3d4-0001-0001-0001-000000000001', 'b1b2c3d4-0003-0003-0003-000000000003', 80, 984.00, 'Lote LOT-2024-003 vence em 20 dias com 30 unidades em estoque. Ritmo de venda insuficiente para escoar antes do vencimento. Recomenda-se remanejamento para Loja Norte.', 'PENDING', NOW()),
('e1000001-0001-0001-0001-000000000003', 'a1b2c3d4-0002-0002-0002-000000000002', 'b1b2c3d4-0002-0002-0002-000000000002', 200, 1240.00, 'Aumento sazonal detectado. Demanda prevista 40% acima da média histórica para os próximos 30 dias. Estoque atual de 60 unidades cobre apenas 10 dias.', 'PENDING', NOW()),
('e1000001-0001-0001-0001-000000000004', 'a1b2c3d4-0003-0003-0003-000000000003', 'b1b2c3d4-0004-0004-0004-000000000004', 150, 870.00, 'Ruptura prevista em 8 dias para Omeprazol 20mg na Loja Sul. Estoque atual: 40 unidades. Demanda média diária: 6 unidades.', 'PENDING', NOW()),
('e1000001-0001-0001-0001-000000000005', 'a1b2c3d4-0001-0001-0001-000000000001', 'b1b2c3d4-0005-0005-0005-000000000005', 90, 819.00, 'Estoque crítico de Amlodipina 5mg. 18 unidades restantes com vencimento em 30 dias e demanda prevista de 45 unidades no período.', 'PENDING', NOW());

-- Previsões simuladas
INSERT INTO tb_forecasts (id, store_id, product_id, target_date, predicted_quantity, confidence_score, created_at) VALUES
('f1000001-0001-0001-0001-000000000001', 'a1b2c3d4-0001-0001-0001-000000000001', 'b1b2c3d4-0001-0001-0001-000000000001', CURRENT_DATE + 7, 42, 0.9423, NOW()),
('f1000001-0001-0001-0001-000000000002', 'a1b2c3d4-0001-0001-0001-000000000001', 'b1b2c3d4-0001-0001-0001-000000000001', CURRENT_DATE + 14, 45, 0.9215, NOW()),
('f1000001-0001-0001-0001-000000000003', 'a1b2c3d4-0001-0001-0001-000000000001', 'b1b2c3d4-0002-0002-0002-000000000002', CURRENT_DATE + 7, 65, 0.8934, NOW()),
('f1000001-0001-0001-0001-000000000004', 'a1b2c3d4-0002-0002-0002-000000000002', 'b1b2c3d4-0003-0003-0003-000000000003', CURRENT_DATE + 7, 28, 0.9102, NOW()),
('f1000001-0001-0001-0001-000000000005', 'a1b2c3d4-0003-0003-0003-000000000003', 'b1b2c3d4-0004-0004-0004-000000000004', CURRENT_DATE + 7, 38, 0.8756, NOW());
